hnr,jitter,h1h2,shimmer,f0mean,class
-0.2472124626048422,0.01905211944152302,0.0,0.07646869226454797,101.08093885126729,c
16.250702496607182,0.027144237868855524,-9.619753797165866e-05,0.07490979439131534,131.1679088445595,no-c
0.3907767238935887,0.01905211944152302,0.0,0.07646869226454797,0.0,c
8.996716749522038,0.01905211944152302,-4.094754577332668e-05,0.07646869226454797,122.03868598083534,no-c
22.669867517312902,0.010973271363215333,0.0007927674304450937,0.04017726749392483,154.87260426374834,no-c
12.390670970607683,0.03721732524694417,2.607561871089729e-05,0.0734016226716725,138.15127384405488,no-c
2.8247533781765735,0.032133080268095665,0.0,0.07646869226454797,0.0,c?
3.747973041487366,0.0526141918917563,-9.432030308019265e-06,0.06829254993163646,99.51915302842298,c
-0.02958228417852688,0.05813572047026967,0.0,0.11611519877213157,0.0,c?
7.334405153937796,0.06253123540352576,9.32201279929676e-05,0.14019857479002265,108.1979087930828,no-c
-1.3252566266259493,0.01905211944152302,0.0,0.07646869226454797,101.08093885126729,c
24.063850620569383,0.012064761527891365,-3.1715677481290554e-05,0.08726202719572014,107.45106874846428,no-c
1.417615471234961,0.17000948135723987,1.912864276119509e-05,0.4094189429728722,111.94614218529107,c
10.459466247617346,0.016266600580259662,2.0353779488496183e-05,0.06253333794082347,113.06995267054357,no-c
21.82042513752326,0.004101897398911211,-0.00039576367460397526,0.024844343965692576,117.16675869217325,no-c
19.397549248853913,0.007897628650962846,-4.961173249930459e-05,0.16165156696360053,95.98510101560754,no-c
3.8256876950822494,0.03857175912132995,0.0,0.23738269983857843,0.0,c?
-1.2549003656286153,0.01905211944152302,0.0,0.07646869226454797,0.0,c
0.7387810221796394,0.01905211944152302,0.0,0.07646869226454797,0.0,c
12.513739887570628,0.00958951047910481,-5.03813831852712e-05,0.08667765725119823,114.30164607011002,no-c
0.2964405722331754,0.01905211944152302,0.0,0.07646869226454797,0.0,c
3.7330742022449668,0.01905211944152302,0.0,0.07646869226454797,101.08093885126729,c
0.7261670694203636,0.01905211944152302,0.0,0.07646869226454797,0.0,c
15.560207101398005,0.011232483119898884,-4.3339237449700134e-05,0.11719753635222122,97.22933389360132,no-c
0.27502361973776196,0.05602834934032988,0.0,0.12964619661567064,0.0,c
22.888293733548878,0.005330047731091434,-0.00014739145981719254,0.03719102811369681,162.85105851328078,no-c
1.9258310060332853,0.01905211944152302,0.0,0.07646869226454797,0.0,c
13.408992455433923,0.016999360278135336,-0.00015501992111402186,0.026037648846592,106.71200333337083,no-c
-0.08519169612643424,0.01905211944152302,0.0,0.07646869226454797,0.0,c?
10.790645872301582,0.025838043591091306,-5.773031177693443e-06,0.06637138062641768,103.7672715895575,no-c
27.369644923761452,0.006707250660550828,-0.000425801913571749,0.03569599206062607,124.27046113350991,no-c
7.701990047832564,0.0521972696802724,6.528192063744284e-05,0.07646869226454797,121.71945403870377,no-c
-0.3213653668594961,0.01905211944152302,0.0,0.07646869226454797,0.0,c
1.0504118029304124,0.01905211944152302,0.0,0.07646869226454797,0.0,no-c
21.668886900652815,0.01905211944152302,-8.974751347242107e-05,0.07646869226454797,99.15820590989983,no-c
2.6370601226766937,0.01905211944152302,0.0,0.07646869226454797,0.0,c
1.922464244360813,0.01905211944152302,0.00017150128599288834,0.07646869226454797,557.5282438102485,c
0.13304422457549853,0.01905211944152302,0.0,0.07646869226454797,101.08093885126729,c?
16.137123897194133,0.01114677277355253,-6.900515572851951e-05,0.07864195618505021,126.19765328636265,no-c
-0.4544992370772508,0.16470720632870864,-6.374370104624898e-05,0.07646869226454797,80.75715445392639,c
1.9109299403342261,0.01905211944152302,0.0,0.07646869226454797,0.0,c
16.38975135916728,0.007066602671507103,0.0004145212771983843,0.0657762269720782,100.29198437710482,no-c
6.0029788250579355,0.013378020269732832,2.910242031712623e-05,0.07646869226454797,78.4078898737686,c
19.356415652836567,0.012614015157768395,0.00011945313668130706,0.027217399359323113,91.05284925670314,no-c
1.5130081168873206,0.06702185295958486,0.0,0.1296797897876961,0.0,c
2.8199934414772514,0.10449287913185178,-9.767782023337377e-05,0.22388486501146984,90.04178348487098,c
18.584663416224792,0.021442073180548978,-6.079902817794321e-05,0.0815054690490572,165.688596274735,no-c
19.709432358697878,0.009911138714933437,-5.8042809014288515e-05,0.08341351396185925,111.6230861115615,no-c
3.06102961654038,0.09560192624003412,-4.0974480653623136e-05,0.07646869226454797,88.21544459724186,c
-0.4048556299757881,0.01905211944152302,-3.541021062869229e-05,0.07646869226454797,83.03675746566459,c
2.5540742546210944,0.08458951225953619,-7.198840373546551e-05,0.10486665567759901,134.77696567451926,c
19.31731398850611,0.010384113326348135,-3.718587716770589e-05,0.059941388822698755,132.16900979467073,no-c
-0.97230346577662,0.01905211944152302,0.0,0.07646869226454797,101.08093885126729,c?
1.1260439962221502,0.01905211944152302,0.0,0.07646869226454797,0.0,c
7.7437584782977185,0.01905211944152302,0.0,0.07646869226454797,101.08093885126729,c
13.224190705944041,0.05678015211759755,6.790921942568308e-05,0.17589123089144257,94.19182533557058,no-c
-1.7796084327976538,0.01905211944152302,0.0,0.07646869226454797,0.0,c
19.61617449191425,0.01691058509291045,-3.296830410718114e-05,0.029404092625482773,94.08055714867236,no-c
17.39633325240273,0.009515680647615767,8.467180121147813e-05,0.04712837496257552,92.74335318184089,no-c
17.5196091038579,0.025494486254313258,0.00018718315087215293,0.07666964253449898,84.07081952991771,no-c
19.410903439910612,0.006995580160452516,0.0005846355427070458,0.06399770281150394,120.4878251264588,no-c
-0.4747691307890161,0.01905211944152302,-3.784106576254117e-05,0.07646869226454797,78.93002740127982,c
18.524387684470128,0.019036966016631407,0.00017952564690208478,0.1048321407370185,97.49440987111232,no-c
26.81066882053939,0.0043514546568736425,6.57408948865029e-05,0.02709914550716127,106.95267276740522,no-c
15.749627144716056,0.01986358610431613,4.4872174916461794e-06,0.05116052193446857,93.44193106330036,no-c
15.385954985868148,0.018536142980654754,-0.00023364022875057148,0.0930120340531004,144.21676541181392,no-c
17.212267295947328,0.011561741769608903,-5.657370939989389e-05,0.07646869226454797,95.05373152516118,no-c
11.740703759078764,0.020013108007519136,1.2457983728882322e-05,0.0780789449841841,93.56990932288745,no-c
17.322952130269627,0.008171611852608266,0.0003422554812465169,0.08767769644713241,115.56027170180896,no-c
0.23394606613426827,0.01905211944152302,3.421807956127302e-06,0.07646869226454797,118.67364405999585,c
5.900520770926685,0.022958606778554314,-3.1648488154151276e-05,0.07646869226454797,125.50388008775145,c?
26.556756935722646,0.0041766535194676145,6.365587115749892e-05,0.02200947758539255,106.71960950232038,no-c
0.8817182224308668,0.053199226480351094,0.0,0.07646869226454797,0.0,c
6.312794120664504,0.027924541534308664,0.000154241608146681,0.17270638157862825,94.75727353280239,c?
1.7126361064638682,0.01905211944152302,0.0,0.07646869226454797,101.08093885126729,c
0.9142830726222945,0.01905211944152302,0.0,0.07646869226454797,0.0,c
26.60955349227521,0.01081788679301239,0.00013689712285372348,0.07477319524840642,107.22010726179015,no-c
3.660391595380181,0.10558229309229498,0.0,0.07646869226454797,0.0,c?
3.054685790894112,0.09161127520247818,6.565818662700438e-05,0.13726731543149048,106.42969331384433,c
4.501187974639336,0.13761084505625482,0.00014530461664986294,0.3591867800910413,127.36347639120024,no-c
19.682653873687826,0.012855419400958986,-0.00012417282348037412,0.07754026273011101,125.02616852617444,no-c
0.2100765043236892,0.01905211944152302,0.00010665090235574361,0.07646869226454797,109.53846998446838,no-c
23.20278638444659,0.009928441087595012,-1.835151045225612e-05,0.06137849176242539,96.47365366981111,no-c
14.235971410389643,0.01905211944152302,0.0,0.07646869226454797,101.08093885126729,no-c
20.746093079818646,0.005468308619655475,-1.2775060431422696e-05,0.023674830778900372,104.31143603250975,no-c
13.169769607107135,0.0447518370014194,0.00021663025987045864,0.11332054567256607,128.9033311415192,no-c
10.93227825518349,0.006691976657765397,-8.615843117576779e-05,0.08344971922335889,105.74016116789551,no-c
19.390188754031698,0.009834180234255075,-0.0009988806213156783,0.008125947281360114,180.0482983492577,no-c
14.022693804953112,0.025084640449728263,1.751947573403671e-05,0.07646869226454797,103.24087189488968,no-c
15.200500328448872,0.031157066064032807,7.12269041212274e-06,0.07646869226454797,88.84129949954084,no-c
5.556184574209446,0.061945460897442205,0.0002784876610897445,0.19588734771166874,471.2808212566243,c
20.92398632606311,0.003559391664315327,-5.291559417492747e-05,0.03076001667821766,96.84191756618442,no-c
14.07887785423171,0.01905211944152302,0.0,0.07646869226454797,101.08093885126729,no-c
4.188381475446109,0.03297893946079453,-0.0001613350708472737,0.18964486674769176,306.33527564896934,c
8.59468991857288,0.04454531524672618,0.00017275891074662752,0.334594567682881,269.14661889907353,c
17.272193970887255,0.022276572073905723,4.503179942756444e-05,0.06476864164293655,97.79275808837565,no-c
11.291645647997944,0.024241597049563253,-4.0478090211696905e-05,0.13815409727549613,100.02930739038146,no-c
4.822447073663798,0.04184837845079722,-2.346484033043038e-05,0.30282771426868627,89.48464449259744,c
0.2609275570779999,0.01905211944152302,0.0,0.07646869226454797,0.0,c
3.810758709859293,0.0806215957283695,0.00014783291459623157,0.2124950101375875,126.40119510369658,c
4.665883832133131,0.03637009154716566,0.00014217854898045739,0.32117309404378697,544.7270743913964,no-c
14.426000654335569,0.0203211409897044,0.00033353954456750556,0.06325550146277133,94.63415400677846,no-c
-2.15677965544916,0.01905211944152302,-8.297542653873238e-06,0.07646869226454797,122.81902694617018,c
2.5608161569876717,0.03255108186754561,4.9249371246668826e-05,0.2749006243330857,488.86853937600404,c
14.198813729191093,0.0216071216766188,0.00022018979509002152,0.04523013707932463,95.46465386503891,no-c
-2.2683579486875045,0.01905211944152302,0.0,0.07646869226454797,0.0,c
28.413010707161845,0.002483898424073045,-2.321611208001297e-05,0.02588618208224941,116.5477363999837,no-c
0.48858023231518405,0.01905211944152302,-6.13071214909316e-05,0.07646869226454797,89.99566629391465,c
16.171503727352864,0.01753780447630066,-3.771453244734289e-05,0.11309960669252968,88.34459639301058,no-c
2.5797627707303405,0.09412747076092168,0.0,0.38313128135271696,0.0,c
19.93320381947254,0.005442737850459319,0.0010527997350660064,0.02823596290229302,108.87394984485398,no-c
2.2230824796191926,0.01905211944152302,0.0,0.07646869226454797,0.0,c
7.316740500918851,0.01905211944152302,0.0,0.07646869226454797,101.08093885126729,c?
7.365348026307615,0.03536770782103775,-7.56498365264666e-05,0.16207447057348692,101.75806123151487,no-c
13.368884108504352,0.014580988957799008,2.9089115711254725e-05,0.08880382477491806,89.51483319515535,no-c
19.005107697193587,0.005293954505840038,0.00011085671108768233,0.040310899044645965,115.69206558645158,no-c
21.116476754162925,0.00986761638402436,9.3303057107273e-05,0.04445522206153349,121.02381913450044,no-c
2.4099246296452974,0.01905211944152302,0.0,0.07646869226454797,0.0,c
9.450317554131423,0.05740538535515556,-6.262590267994101e-05,0.16315187213697696,112.2426196513111,no-c
-0.41828214493215593,0.01905211944152302,0.0,0.07646869226454797,0.0,c
14.982336849646439,0.01180317611494442,0.00015606848567274127,0.08036795079191443,115.80784848486691,no-c
0.16925429556127622,0.01905211944152302,-4.140223230843503e-06,0.07646869226454797,131.14455285659585,c?
3.470711168675016,0.09815937899933165,6.849770459884519e-05,0.15291245556875993,99.61890461347738,c
1.776042101718964,0.01905211944152302,-0.00018642215683602369,0.07646869226454797,371.66132507174825,c
7.619402208717265,0.0596724748079883,7.342626895137972e-05,0.1483583315382936,85.62061924299475,c?
-0.28357830883979107,0.01905211944152302,0.0,0.07646869226454797,0.0,c
18.577823126520585,0.01265070553828574,0.0010533186436616664,0.06725857387343338,191.40489552328413,no-c
6.300128866466891,0.05345515373915851,1.7430113752069207e-05,0.23372781428049436,89.02889945913938,c
2.1537074392441484,0.0943265462174967,-1.639197811303249e-05,0.27966666488368536,104.81871762525651,c
14.908580561699733,0.02015766449195774,-2.4217538880600125e-05,0.06226325622287897,109.45095394729103,no-c
10.465807155499524,0.00411508638308569,-0.00013638601462790105,0.07646869226454797,133.39775849682002,no-c
0.7051846237943193,0.16046198438748915,0.0,0.07646869226454797,0.0,c
2.0573849142864638,0.15789169553849888,1.788672698124232e-06,0.036040329948831974,90.40397838368037,c
1.1380518481426891,0.01905211944152302,0.0,0.07646869226454797,0.0,c
9.99025795008716,0.011220789138732062,-2.3803307432594656e-05,0.05915408013156931,106.47256191272534,no-c
5.551128811083915,0.12226105006030472,1.4138851646613812e-05,0.07646869226454797,139.15398289966788,c
21.483371798621814,0.004943247186905412,-2.692434177073075e-05,0.07001667071235973,91.90918200047085,no-c
10.375089840604897,0.01364389131146013,-9.523271492996717e-05,0.054402350468661126,129.49398295079556,no-c
8.765020881039913,0.07693334957650101,0.00017470784692713895,0.07646869226454797,127.14067441347518,no-c
12.771486977286607,0.023456507736469918,1.842962013979757e-05,0.06634445718699657,119.6453768776746,no-c
1.5709855412305016,0.08106343215723497,0.0,0.15985008313960586,0.0,c
21.428396553303475,0.01235719749565199,-8.640565302852569e-06,0.06910845523407862,102.32372632682042,no-c
8.526065363561983,0.02155325654090134,-1.3944952273725153e-05,0.12057392706102718,92.19490500653907,c?
3.3174930838051924,0.01905211944152302,0.0,0.07646869226454797,101.08093885126729,c
1.958750220106793,0.01905211944152302,0.0,0.07646869226454797,0.0,c
7.576480087454364,0.03969175981752549,-3.604552159116757e-05,0.07646869226454797,93.83504213404233,no-c
29.689034806754176,0.0038529751467224725,-0.001054542641514312,0.023555577625375076,109.31923396492097,no-c
0.29640528445580616,0.01905211944152302,0.0,0.07646869226454797,0.0,c
0.37685213317369565,0.01905211944152302,0.0,0.07646869226454797,0.0,c
-0.5600513087837757,0.01905211944152302,0.0,0.07646869226454797,0.0,c
6.82395464882314,0.01905211944152302,-0.00014952839048962285,0.07646869226454797,79.63208614776664,c
3.9848904473784637,0.011449386648071594,0.00018888260661280632,0.14930087311093798,498.14647965583293,c
18.53464105930849,0.010709661906073474,-7.212871826412426e-07,0.029336298347171847,91.90391757790641,no-c
15.656819374995738,0.005571726221926059,-2.2419222052739833e-05,0.03602072526831728,116.58859153803954,no-c
-0.7326216870165042,0.01905211944152302,0.0,0.07646869226454797,0.0,c
12.534802072191868,0.015441949936661446,-6.8066401129091e-05,0.07063158312714503,94.8258062483251,no-c
10.013341091582419,0.05113690113409428,3.315426095320441e-05,0.10447758905756796,92.55669518438569,c
12.68247371256898,0.02357198228818448,-8.515925468399743e-05,0.11438385201841973,125.73427446200009,no-c
-0.19687192172229948,0.01905211944152302,0.0,0.07646869226454797,0.0,c
12.55332966252164,0.03330394984729799,0.0003335775940627698,0.17384675793556204,90.38544422649271,no-c
11.759774202781767,0.02693887723768409,0.00010819772528159784,0.1355323710840914,106.1591754558457,no-c
4.750157315580088,0.01905211944152302,5.139074007186528e-05,0.07646869226454797,90.62915829609933,c?
22.507123122591604,0.00818423083152419,-0.0005733727329956945,0.029624596021471467,117.68276715744165,no-c
14.244675242804526,0.012255961513763926,8.091011051711793e-06,0.10364266763985623,112.93353664628796,no-c
5.451736512316122,0.01905211944152302,0.0,0.07646869226454797,101.08093885126729,no-c
-1.3689015012808352,0.01905211944152302,2.2353758142676745e-05,0.07646869226454797,83.8788048187917,c
3.9432590769180216,0.01905211944152302,-2.5563971459594543e-05,0.07646869226454797,91.34903245290873,c?
-1.186819579466108,0.01905211944152302,0.0,0.07646869226454797,0.0,c
1.9972850311667125,0.05863936552852175,3.695034362234529e-05,0.025259306058177583,108.36722846440195,c?
3.8410168013002908,0.01905211944152302,0.0,0.07646869226454797,0.0,c
15.135125511278682,0.005811353540235738,-2.29535395218854e-06,0.07646869226454797,96.42826033982244,no-c
13.100442259817747,0.06152342874761528,-1.429429852140029e-05,0.07646869226454797,92.29923511895551,no-c
1.8943679250378598,0.01905211944152302,1.2951516747186821e-05,0.07646869226454797,102.06559970267907,c
19.808555105001332,0.012901324070999049,1.1798252703008676e-05,0.05941417185877134,103.4741380947942,no-c
20.751956494676453,0.016731459653302617,0.0005993461277256955,0.13061732221894515,185.13202146679592,no-c
0.006605947823907041,0.01905211944152302,-3.833328059791732e-05,0.07646869226454797,151.99805630106152,c
5.89476369752595,0.07528065835344773,-1.2454677981539975e-05,0.16487721552007825,90.93397176168908,c
17.108279031249147,0.01905211944152302,0.0,0.07646869226454797,101.08093885126729,no-c
14.266950047670104,0.019120130552553117,0.00011038462638864423,0.10763911843996779,106.36227558656832,no-c
2.4687399492235533,0.04007534090616788,0.0,0.24014505752490817,0.0,c
11.219808933825774,0.028283035310263046,0.0001007210900925388,0.08400800028380936,108.70061006824679,no-c
18.193524854359737,0.00711900676807344,-2.9877341290293104e-05,0.032669265433764,108.52920043729317,no-c
21.180903449458192,0.019907247504280644,-0.00020631085382378925,0.041793547654339853,105.51876556558469,no-c
3.386002291366141,0.05107433168170604,0.00012178097211625055,0.031275147011543214,90.94603370106009,no-c
23.828869867476964,0.008344549052952453,0.0001677471323517797,0.03993554960561798,123.66172984784295,no-c
2.5477771608602446,0.07245227593787193,1.4225411181269243e-06,0.12378410093919197,98.37611223255843,c
1.837902505718108,0.010254263520547254,0.0001030973585872066,0.2089676264588403,500.04739515660094,c
3.159849698261695,0.01905211944152302,0.0,0.07646869226454797,0.0,c
23.08109323572222,0.010962154414257727,-0.00020710550353060086,0.006673240430869437,156.28283461921734,no-c
0.8471835981469434,0.01905211944152302,0.0,0.07646869226454797,101.08093885126729,c
23.33339045443168,0.015062596603034608,0.00048349591681771427,0.06973559064584496,108.04300238540087,no-c
20.367459954170968,0.00720993531326408,4.1269150123738284e-05,0.036267231946741134,123.6429708378708,no-c
2.6805450916089026,0.0746044936978518,0.00010594157250995189,0.203166002750761,466.0643279413919,c
4.598883763001626,0.01905211944152302,0.0,0.07646869226454797,101.08093885126729,c?
15.222183908530466,0.037495055530531944,3.093285579543485e-05,0.10967853260214941,102.05282611624723,no-c
1.400092469232801,0.01905211944152302,0.0,0.07646869226454797,0.0,c
6.285535510282642,0.01905211944152302,0.0,0.07646869226454797,101.08093885126729,c?
2.4242709896940586,0.08576741743501817,-0.00018254023431481627,0.05186992327088201,87.95661261605052,c
25.43499353566615,0.004444936373450278,-5.775246406857342e-05,0.07646869226454797,100.22835618910848,no-c
1.5793216792709046,0.19603830715922355,6.233238831333957e-05,0.07646869226454797,98.70662972043887,c
7.185779782097532,0.0565945320101922,0.00016672965477698175,0.11378469044005968,384.3979984744866,c
1.320051648554919,0.01905211944152302,0.0,0.07646869226454797,0.0,c
4.735789684570436,0.07782463111822857,-2.5136919198648944e-05,0.14933659877850278,90.3671720554985,c
15.434114590335142,0.02536163275333795,-1.665998955676027e-05,0.049150469199793476,96.3196000009128,no-c
16.190531650175515,0.01905211944152302,0.0,0.07646869226454797,101.08093885126729,no-c
11.5950224015288,0.008343186027842012,-3.68301957248185e-05,0.07646869226454797,85.07472406487355,no-c
26.20066703936055,0.003838752995974409,-0.0015418108693083486,0.040513775119042424,165.1327329951087,no-c
14.363436459832679,0.04128138445777008,-1.5018622888393748e-05,0.12251359389965927,97.51175676637206,no-c
6.202749515040285,0.08396126841906465,1.9010346675022805e-05,0.07646869226454797,96.00731798566183,c?
0.6421785894898567,0.01905211944152302,-3.445591227825905e-05,0.07646869226454797,75.21149526292884,c
4.002295239332973,0.07792227741551122,2.4801352065286e-05,0.3304726307003438,376.4889043243102,c
11.809606125287422,0.04406321632722477,0.000333631605932627,0.11933070215169511,88.71407291643061,no-c
1.0918342258197187,0.01905211944152302,0.0,0.07646869226454797,0.0,c
18.54217031389832,0.00618182397152612,-0.00023472470519265152,0.02898209992245036,99.26180738129004,no-c
24.95809430053326,0.01905211944152302,0.0,0.07646869226454797,101.08093885126729,no-c
0.6602719510365627,0.01905211944152302,0.0,0.07646869226454797,0.0,c
7.850843608085581,0.021805831168009597,2.4990649294600646e-05,0.01330523948073715,203.79305769079812,c
3.0955549247537486,0.1085211547777011,0.0,0.1999031050811094,0.0,c
24.19380905241091,0.004989687524691709,0.0006894350763501015,0.02891133354670758,137.65097030542074,no-c
0.34374889449870794,0.01905211944152302,0.0,0.07646869226454797,0.0,c?
4.115497946317316,0.03835547039544166,0.0,0.20560400107378352,0.0,c
20.911171587810813,0.017431467608883956,-8.979560903806005e-05,0.08640675466314988,91.37545153903369,no-c
2.4702992552083978,0.07425234629062268,0.0,0.07646869226454797,0.0,c
1.8700833038785123,0.08749384345168705,-7.720865901177282e-05,0.17731455421307704,80.17691585939012,c
1.1366533904492644,0.01905211944152302,0.0,0.07646869226454797,101.08093885126729,c
18.56497650692181,0.01682711259215255,2.6538991819161355e-05,0.03071886773349163,115.35346657110145,no-c
1.9791443990569972,0.01905211944152302,-2.7017562699412418e-05,0.07646869226454797,97.90450355739908,c
11.288665022961016,0.035360541895252486,6.473634311356929e-05,0.07486379779131606,115.15320754594988,no-c
5.137455185301589,0.10802894305462304,0.0002794186638319108,0.07646869226454797,170.73383468403065,c
15.384020119296082,0.013497047824641813,0.00011646552583813235,0.08434409077388184,184.8046077864727,no-c
22.52632632135066,0.008201027890682297,-0.0009388988610089671,0.044842636975337094,139.54241484206761,no-c
12.06549520166441,0.0074941632948741805,-0.0001275933670755664,0.019929183473949952,119.07554922309282,no-c
4.0865175078873905,0.01905211944152302,6.57551947423983e-05,0.07646869226454797,78.09649563522466,c?
2.0260798193854077,0.01905211944152302,0.00014713215593819314,0.07646869226454797,108.1625634868916,c
4.863477133338449,0.01905211944152302,0.00012278785537676355,0.07646869226454797,102.33528642052902,c
23.734036276111212,0.0049788320622133325,0.00036594353312144855,0.03625407309069714,118.42270645564744,no-c
2.039834882086864,0.05352819959714071,0.0,0.10039806586415612,0.0,c
4.1964948549460575,0.08813051624450915,1.8261651100116954e-05,0.19206495530462245,416.32656417338495,c
28.648613661101045,0.005490530909872784,0.0005668431997113035,0.03581813907971442,151.13770445114193,no-c
21.340996170187463,0.020059488584560987,0.00045968502739737857,0.04703843391726242,143.44810880380592,no-c
18.402592078668132,0.008513761033878797,0.0002429001603096739,0.03983012544886999,100.7054426105578,no-c
9.34416938064721,0.024578299195008504,1.7649339794312215e-05,0.018271160231895716,91.65399802243971,no-c
14.2600068107641,0.009094563833190114,0.0002240861808545048,0.028002667141012842,170.5242489267488,no-c
6.843251958619363,0.01905211944152302,0.0,0.07646869226454797,101.08093885126729,no-c
18.929326049255426,0.038769561235282135,-4.27723443118876e-05,0.00300212455133537,102.38769947806361,no-c
15.207967596962677,0.026374972536902516,0.000395390655123721,0.11444268356851536,86.73264398192676,no-c
17.943007515512434,0.005519235506753757,-0.00011104370724617565,0.009073280431327222,115.43789142126072,no-c
1.9808236351467121,0.01905211944152302,0.0,0.07646869226454797,0.0,c
-1.416081380384103,0.01905211944152302,0.0,0.07646869226454797,101.08093885126729,c?
12.726934440830014,0.023623065635052374,-2.922360800520227e-05,0.07616539624818577,137.07978978652187,no-c
0.4239675923630137,0.01905211944152302,0.0001188833952966457,0.07646869226454797,94.16441688398703,c
25.875370021023503,0.012810839646291866,0.00027456995307247696,0.04594286373779473,104.50688869290745,no-c
3.515464707223947,0.08039824560703396,4.615380218865695e-05,0.23954572745018007,114.51822645589667,c?
12.44024074031788,0.01235308222569542,0.00043109043120393114,0.053396386079081266,172.3877308375895,no-c
2.9697901249239753,0.01905211944152302,4.360887605403353e-05,0.07646869226454797,101.17792394019263,c?
4.713221389203625,0.06296818340262073,0.0,0.06297336430885167,0.0,c
11.366281677681322,0.05764280263409063,0.00012472725341355085,0.04992166726950176,110.13242560047001,no-c
18.547213251137748,0.009697385737358191,0.0002984547122035721,0.01642543327273487,114.50626835017722,no-c
18.530678569328337,0.009900455924032119,2.8804394051725553e-05,0.07515194822792583,93.43965075195608,no-c
1.0140180366815126,0.01905211944152302,0.0,0.07646869226454797,101.08093885126729,c
19.858995328487886,0.006265031475264337,8.167271508821713e-05,0.07729705311957785,148.21757273589688,no-c
8.72595981799734,0.023306956394621034,9.13001830658318e-05,0.07345291957839607,116.30842362816452,c?
3.615007268759725,0.01905211944152302,-4.6476413362439276e-05,0.07646869226454797,93.58207399765178,c
26.345857755027403,0.0052695857989469444,0.0003021032000922971,0.026066552019309117,109.92548149294292,no-c
0.822251296645401,0.01905211944152302,-0.00010253741508618272,0.07646869226454797,80.03248516892708,c
5.07344613314073,0.06572968539534926,0.00010513773951429818,0.24492646228599718,269.2284301402213,c
23.883468513314618,0.007903223807237812,-0.00023077622721202418,0.02894452526983363,150.28518853354774,no-c
10.681067917525677,0.008958460848210144,-3.745110736362968e-05,0.13552657044119096,101.7356253261845,no-c
0.7055965057887679,0.01905211944152302,0.0,0.07646869226454797,0.0,c
7.4909596721074925,0.04524020337018734,0.0,0.20113604325184378,0.0,c
2.7535995467159253,0.048090645762774234,0.00026505318034660783,0.13187794420331872,483.82401421039526,c
-0.7219519003044341,0.01905211944152302,0.0,0.07646869226454797,0.0,c
0.6860045313876525,0.01905211944152302,0.0,0.07646869226454797,0.0,c
1.3718847870127386,0.07343680720894623,2.2494028315171176e-05,0.16467940567196546,142.73542483781242,c?
5.340559928930009,0.06031048157312851,-1.3584411624334062e-05,0.18815358088156123,93.3493018298095,c?
1.692791440431573,0.01905211944152302,0.0,0.07646869226454797,0.0,c
0.0826131520598683,0.19993904298773044,2.385171468885844e-05,0.07646869226454797,108.4694748740799,c?
0.8421638397793363,0.01905211944152302,5.236555294847202e-08,0.07646869226454797,171.31784207359308,c
19.034323683589648,0.027666339132285077,-0.00011494819625142418,0.043845085586702255,110.01090634702429,no-c
28.2137922241833,0.0045467234552445356,-5.970297085559765e-05,0.05315044664051544,123.139349627539,no-c
3.4488051299932554,0.04964403829438717,-0.00010007187375410821,0.3581507149828208,117.59734439179088,c
15.1754977786042,0.03431786105620201,4.770773573762558e-05,0.08715420676059081,106.3709796868669,no-c
-0.32203336427538903,0.01905211944152302,0.0,0.07646869226454797,0.0,c
3.5585630554079484,0.10460517076410121,-5.050085334580779e-06,0.07646869226454797,91.07550026449353,c
-0.4323830593317628,0.01905211944152302,0.0,0.07646869226454797,101.08093885126729,c
18.974377469645805,0.00886450826370337,-0.00023144239456837732,0.02550112598616827,127.17953338574497,no-c
23.268610942141468,0.007499573638162691,1.2240892995545732e-05,0.06340095689897976,122.90391474496273,no-c
9.69318825290586,0.01905211944152302,0.0,0.07646869226454797,101.08093885126729,no-c
4.376315832838622,0.08631555640859999,0.0,0.07256984895136107,0.0,c
19.35779277137309,0.004901991941970617,0.0003251264773235234,0.032313689172040756,108.17979614604937,no-c
2.6688016530391208,0.01905211944152302,0.0,0.07646869226454797,0.0,c
16.771292871730445,0.016315238596197625,0.00041958696422837635,0.0864482745018313,88.78443455556207,no-c
7.748383918118069,0.02095477096464043,-0.00016356435307988065,0.2072734799684889,151.0385374811376,no-c
1.4538511107101888,0.05799459230714577,-5.528582651278955e-06,0.27101515690379796,305.9279728397568,c
22.34112129324607,0.008062242939201951,0.00010659725714791467,0.017542631984963825,165.46113589030227,no-c
7.185649785374306,0.0674032220224024,-4.002026679592336e-06,0.28732373740362965,80.0101418255686,c
15.42212587385691,0.011149762817137625,-0.00011058141827530405,0.05250460518879207,95.29465773273388,no-c
3.0073925550421188,0.015506483315760964,0.0001983637588962746,0.24845408220301007,494.1489099717837,c
18.039807563980872,0.00631272747577436,2.896692431905495e-05,0.10082893666584883,117.37361031975257,no-c
18.781157007311826,0.012692077390551311,-7.730330791342634e-05,0.04769431690217416,124.7892207178195,no-c
11.663914461881252,0.00822715537376089,5.717797915903418e-05,0.06562667129612604,125.9415109392261,no-c
11.293336895434926,0.04872240250244016,3.310301978346287e-05,0.07646869226454797,90.11947743071123,no-c
2.6042640093526197,0.09226654668659612,0.0,0.15870077185975492,0.0,c
19.89840449326231,0.013518108244183605,-9.453445798912868e-05,0.051227373427750994,102.13838241962863,no-c
4.585400863232546,0.01905211944152302,0.0,0.07646869226454797,101.08093885126729,c
3.502347515389714,0.0766699623457364,0.0,0.09874622174329097,0.0,c?
13.39537638694621,0.004119102141300442,-0.00029184875760132037,0.04729051361415682,153.54021313822454,no-c
0.7065951237955737,0.13844500532080145,-4.8875888398242e-06,0.07646869226454797,107.64515509772889,c
16.467437992193442,0.02060822493411611,-4.813990038793261e-05,0.07013063340696456,91.306853263547,no-c
0.03162720488430404,0.01905211944152302,0.0,0.07646869226454797,0.0,c
13.363020423777314,0.01905211944152302,0.0,0.07646869226454797,101.08093885126729,no-c
19.216214317837874,0.0214583871581503,-8.758575127743249e-05,0.13996823527446947,111.6493841659374,no-c
17.727611261893276,0.01699474491617625,9.674695348864471e-05,0.06131729326011407,97.76172162685789,no-c
6.527003076987391,0.02582058985196072,-8.005465821374996e-05,0.17361449059457268,137.9002224320856,c
1.799500163844586,0.01905211944152302,0.0,0.07646869226454797,0.0,c
1.0564333481632866,0.01905211944152302,0.0,0.07646869226454797,0.0,c
-0.5426366637829265,0.01905211944152302,0.0,0.07646869226454797,0.0,c
4.513440022663028,0.01905211944152302,0.0,0.07646869226454797,0.0,c
11.246397127686672,0.016868755055006162,-0.00016271249494294874,0.055879451229041234,99.73125546635528,no-c
12.475838647135001,0.02902784211818167,-0.0003338347468818823,0.1119684059059302,146.82679965591586,no-c
1.3771469711413276,0.01905211944152302,0.0,0.07646869226454797,0.0,c?
-1.51780070736863,0.01905211944152302,0.0,0.07646869226454797,0.0,c
20.85914086831231,0.012132888579774738,0.00012393069785610072,0.0475988310289876,110.9482653986077,no-c
10.80729508899304,0.01905211944152302,0.0,0.07646869226454797,101.08093885126729,no-c
14.358934403470426,0.01519363098200309,2.7480900545539427e-05,0.1541606323889685,100.34568487830104,no-c
9.116399947211445,0.023308187330370992,-0.0003962353031293751,0.06770218062577202,83.1407907935333,c?
1.4022552919313036,0.01905211944152302,7.475321994651522e-05,0.07646869226454797,578.9144126756363,c
0.587243001222871,0.06327683685243404,0.0,0.07646869226454797,0.0,c
13.162036937819412,0.018309468185427447,5.045487278769153e-05,0.06335386546240478,96.40275307285373,no-c
4.4700905437384835,0.008888661396987881,4.36300749581589e-06,0.4802493920004492,225.99049375299265,c
5.084087720322732,0.02208936607514734,0.0,0.01964926573778757,0.0,c
20.598907411382214,0.027275417775292753,-0.00011288484026255246,0.07646869226454797,104.7384340442103,no-c
7.7437584782977185,0.01905211944152302,0.0,0.07646869226454797,101.08093885126729,c
17.082705906260667,0.005561285264204449,-5.561006118457877e-05,0.05032640372987697,96.85222243867032,no-c
6.991694493617729,0.07801279163811865,-3.279113411518573e-05,0.2151702283865285,98.31201739214733,c
14.394807580208383,0.020666537137781486,-1.9366923830882823e-05,0.054996429959018586,102.7295273134188,no-c
22.67791640315486,0.00374061505953924,-5.380769014332558e-05,0.01563222575125691,94.87710644203501,no-c
7.33610591941476,0.0526104443740766,-2.675363734383818e-05,0.07646869226454797,103.80241565439097,no-c
17.723594542527245,0.005541200393830693,-0.000552590172871307,0.014327991233931942,176.52128366570687,no-c
4.723793004138444,0.2206037568983405,5.89676775347947e-06,0.07646869226454797,82.83962428106574,c?
1.6870155435900474,0.04688556877534257,3.0751148069808473e-05,0.14004944519109283,440.75315111915637,c
-2.986233864772603,0.01905211944152302,0.0,0.07646869226454797,101.08093885126729,c
-3.5668269522391314,0.01905211944152302,-1.9532078390376322e-05,0.07646869226454797,87.79340919217096,c
23.22270504325699,0.011712261303931513,5.803265317854691e-05,0.04298569083283328,117.25817377280804,no-c
2.740191489370282,0.01905211944152302,1.0016246926393294e-05,0.07646869226454797,85.99579596132232,c?
5.188179924386661,0.01905211944152302,-3.9272644273375385e-05,0.07646869226454797,78.67598329768585,c
4.219512610934516,0.00700310685249137,0.0,0.277481002798333,0.0,c
15.81649693118453,0.008178471177895394,9.167850268730718e-05,0.07003836041441824,100.18617834142457,no-c
-1.0191469380892908,0.01905211944152302,0.0,0.07646869226454797,0.0,c
24.32294174560602,0.0066189084339641725,0.00011485811366082404,0.0429495962317429,108.4443463973727,no-c
7.012938572399648,0.047786525615481606,0.0001188461731890332,0.10732989473962273,121.36057642920639,no-c
3.0136122243430084,0.01905211944152302,0.0,0.07646869226454797,0.0,c?
15.688733002396745,0.028703253652855375,9.330924596850389e-05,0.03792684773330976,108.42743404564362,no-c
1.7464461856111668,0.01905211944152302,2.7297965714259258e-05,0.07646869226454797,121.43689001418389,c
15.607873978312105,0.0030411939107889766,-0.00014438003922303156,0.07646869226454797,92.64990971298795,no-c
0.27666908692697806,0.0194718308754258,-2.9232341845619378e-05,0.07646869226454797,150.45291985697702,c
0.5681980103029185,0.01905211944152302,0.00010369888278867535,0.07646869226454797,393.55079750133183,c
3.507033321895889,0.01905211944152302,0.0,0.07646869226454797,101.08093885126729,c
19.357565637353595,0.005919781372990459,-4.6833088517710174e-05,0.05030378174898791,100.90920150102586,no-c
0.9043108770417695,0.01905211944152302,8.394408548872509e-05,0.07646869226454797,165.4264207559518,c
21.40014920011025,0.0077331641269746485,8.54498572154047e-05,0.02030109825454615,134.56993380765346,no-c
12.995359878122073,0.010858688935046481,-0.0001352296627634575,0.09139222673357238,94.34052422032522,no-c
-0.07657809729076792,0.01905211944152302,0.0,0.07646869226454797,0.0,c
3.3906750952485245,0.01905211944152302,0.0,0.07646869226454797,0.0,c
19.3048276896717,0.011731567863378835,2.8312478678654287e-05,0.048514511402823424,125.6329972187218,no-c
0.895708012703839,0.01905211944152302,-6.45338383521214e-05,0.07646869226454797,91.73580718810685,c
1.6349054805233771,0.09341268127307294,-1.9711380020629953e-05,0.1380884646385379,142.28219276287422,c
10.91746439869775,0.04512060467706382,-0.00020583652310178063,0.1031582375582218,95.68233594457051,no-c
5.100548791524391,0.13731590742671076,-2.291096948648422e-05,0.2886644382524068,84.20455627350228,c
-1.321477816574383,0.06538823807282203,0.0,0.07646869226454797,0.0,c?
-0.2989611657147361,0.01905211944152302,0.0,0.07646869226454797,101.08093885126729,c
13.601769568940187,0.01893465939039387,7.759709636783206e-06,0.07646869226454797,101.16284910666656,no-c
3.672653971505583,0.07530998080953738,2.39834381008499e-05,0.2087570783583656,101.65347467084578,c
2.4651800806273996,0.08754040594008901,0.0001921706762691179,0.07646869226454797,324.406296841131,c
8.59155925193238,0.03642897131275285,1.7424980605649593e-05,0.17489839018248296,94.93895528354412,c?
14.191332553635679,0.01804393695805327,0.00015757205729657653,0.16553794588883172,117.09000745441719,no-c
1.4098281683418454,0.20967401287208645,0.0,0.002760627968230741,0.0,c
3.193703094626713,0.02466218194287952,0.0,0.04915465541459482,0.0,c?
8.642769725993187,0.024598277454858965,1.3789190938620925e-06,0.12875414353067033,103.16051135710018,no-c
2.237399350976411,0.01905211944152302,0.0,0.07646869226454797,0.0,c
7.797796710632676,0.014540797186892988,5.062061891048317e-06,0.24712504516275452,94.0920153562766,no-c
22.02225307590229,0.009686085795942222,-2.1583241642077048e-05,0.0037301599326402942,121.34855082253743,no-c
0.321502599605682,0.01905211944152302,0.0,0.07646869226454797,0.0,c
11.726066947059739,0.014086712342295674,6.687746800559797e-05,0.059329424363840685,95.0417652958152,no-c
4.533465056708332,0.055045143355649376,6.504717324311875e-05,0.11032832349146772,111.51995359240996,no-c
18.993386751535095,0.010982344749885936,-6.60766397224415e-05,0.11805001046215546,96.37753209733357,no-c
18.549932888780237,0.023812563949448882,4.9455249932306845e-05,0.015938380977438455,122.83976271845553,no-c
3.509811361084909,0.0672424781516542,5.385337591321932e-05,0.23598936221076305,593.961753884236,c
10.352194384479581,0.010858421393481203,0.00011865411927992127,0.06015206152940512,103.9234369404975,no-c
-0.3028285323080593,0.01905211944152302,0.0,0.07646869226454797,0.0,c
15.422208982679907,0.01905211944152302,0.0,0.07646869226454797,101.08093885126729,no-c
21.91389717756477,0.008348718430046718,3.556882391264355e-05,0.06397003646616703,119.59670620055982,no-c
2.799538404563239,0.026398265680475447,2.5262342508400253e-05,0.07646869226454797,87.53931249508912,c
23.41132713037227,0.009688978856986807,7.37487232948718e-05,0.04103624605551811,116.98146053587526,no-c
20.03535080258868,0.016352413088233448,-8.364854553009966e-05,0.07646869226454797,108.75553159639352,no-c
7.636564496817675,0.017654438723789093,-6.447728162138215e-05,0.1070151139249216,121.26891346017294,no-c
1.6772610162068755,0.01905211944152302,-1.1653871513585557e-05,0.07646869226454797,86.8939516531819,c
18.025276271854235,0.020574303788153857,-8.069291774712292e-05,0.05208468240170357,95.52867596749168,no-c
3.9235251948197245,0.08579574911749648,6.653219008489695e-05,0.2946678159062966,109.32899498141829,c?
1.7862644972847097,0.01905211944152302,0.0,0.07646869226454797,0.0,c
6.703235603525748,0.01905211944152302,0.0,0.07646869226454797,0.0,c
0.8516539774206209,0.01905211944152302,0.0,0.07646869226454797,0.0,c
1.358224494467086,0.01905211944152302,0.0,0.07646869226454797,0.0,c
7.7437584782977185,0.01905211944152302,0.0,0.07646869226454797,101.08093885126729,no-c
2.69781202958474,0.01905211944152302,0.0,0.07646869226454797,0.0,c
5.000568221817234,0.07395780320064423,-1.9788783983352976e-05,0.19763479663707337,116.46260171202456,c
18.21768806023714,0.0076972467386196,0.0003231239156030578,0.07199030006294999,106.77901103989664,no-c
7.7437584782977185,0.01905211944152302,0.0,0.07646869226454797,101.08093885126729,c
0.601995157899131,0.01905211944152302,-8.41921871486725e-05,0.07646869226454797,95.07191218102092,c
19.947607448376992,0.008618786130236748,1.6209685102861263e-05,0.06576919072902414,88.14381244441736,no-c
4.61955203755098,0.007770475619513354,2.576459451119645e-05,0.07646869226454797,86.11674503617759,c
20.37709935430252,0.005555530454664996,-0.00011860874316234744,0.026576452175229626,124.98516204193136,no-c
19.210075651427086,0.016358264866813157,-0.0002164356826480871,0.09229108661720938,151.8273665411982,no-c
0.867245879906937,0.1833222876485201,-2.326439424375094e-05,0.08456857969501087,118.17997431445204,c
18.26811415056451,0.00886235060796016,-1.1919362134155717e-05,0.07646869226454797,108.42339327236382,no-c
0.45567430003703074,0.01905211944152302,0.0,0.07646869226454797,0.0,c
4.816949852140401,0.01905211944152302,0.0,0.07646869226454797,0.0,c
1.3615729840340531,0.01905211944152302,0.0,0.07646869226454797,0.0,c
14.765069322868081,0.01752399956910667,-0.00027636058923973656,0.10093240501591315,129.72579248125498,no-c
1.6709853719930787,0.07833294384746739,0.00013548971454452845,0.2911588007435327,118.95412737582592,c
3.914651907192183,0.08964267405683178,0.0,0.07646869226454797,0.0,c
3.8300659960704886,0.13241352729259753,6.57033116513753e-05,0.49888646534248143,102.32343632264256,c
18.412583579533884,0.009036144141825393,6.427141391778779e-05,0.12377481087254327,117.6937726069952,no-c
13.315847101415077,0.025042397159629165,7.996413673117838e-05,0.11902567716130875,149.01542282425828,no-c
7.417838679608126,0.03420539694821871,3.0675789203247946e-05,0.07690409301125667,174.96903523089608,no-c
3.4861147291749766,0.1895146606591582,3.769169097960578e-05,0.07646869226454797,123.14326651139207,c
11.219152414224737,0.033307785321366655,6.299552483297793e-05,0.11378265632068939,89.00416208998432,no-c
1.937468986258111,0.1643446398023871,-7.023924168905363e-05,0.07646869226454797,129.2845199542705,c
8.764457270633805,0.023735289669481477,0.00015753309442478717,0.17347971040090754,116.24238082578539,no-c
10.459297399902223,0.027471761058588104,0.0,0.1433602219148529,0.0,no-c
10.205650506436822,0.008656050183950966,0.00021334016170755773,0.16699334959794399,101.08093885126729,no-c
1.099393344559846,0.079156448415774,-6.790249566559903e-05,0.07646869226454797,135.336197742971,c
1.5744521829028841,0.01905211944152302,4.746193045421517e-05,0.07646869226454797,111.97857178279064,c
3.1534382393388234,0.16314482523353607,0.0,0.07646869226454797,0.0,c
-0.09095885608234702,0.01905211944152302,9.668075374663605e-05,0.07646869226454797,591.3708104328234,c
0.6843422282793142,0.01905211944152302,5.4459191312038614e-05,0.07646869226454797,165.1252360846613,c
-1.9105003092401411,0.01905211944152302,0.0,0.07646869226454797,101.08093885126729,c
13.317016720257705,0.009298796233270118,1.6001173732054863e-06,0.13076897109018715,131.09433439027836,no-c
15.737541717170208,0.0236094572543658,-0.00011101176162424853,0.018378922582505487,99.85624564487199,no-c
-1.8447916061497613,0.01905211944152302,0.0,0.07646869226454797,101.08093885126729,c
19.05140365953815,0.006830234316285124,0.0003065802712293647,0.04845920240238271,112.88929943639359,no-c
26.998047040464062,0.00798684489305646,-0.00010849793600679777,0.07646869226454797,117.40854154840429,no-c
13.745820423616525,0.005792339231586618,-6.710267162308009e-05,0.06057350474867056,111.54858588046763,no-c
13.072402090492691,0.014230895294820039,-7.201167571718002e-05,0.09835419042710548,104.90798798350885,no-c
17.805703379078462,0.01562315654526786,2.2875694594474847e-05,0.014122855914592471,112.15880427022192,no-c
19.318422332383797,0.006880299701346866,0.00029862428970271136,0.052664661631209884,127.07092478242387,no-c
0.7268604015918684,0.01905211944152302,0.0,0.07646869226454797,0.0,c
0.14030353171892312,0.01905211944152302,0.0,0.07646869226454797,0.0,c
20.484476595912348,0.014872878145646995,-0.00012582385526468368,0.021072748643496175,126.3191460134624,no-c
2.8553389971228373,0.05893388784556032,1.1324840708861145e-05,0.0941227216459302,185.21983040097982,c
8.285952996977146,0.00833237130151297,0.00011216505966696685,0.07646869226454797,84.91367786938783,c?
23.38487350020177,0.00826258485689442,-0.0002416909672411597,0.02389316078059635,110.72939216261679,no-c
0.6042253235930168,0.01905211944152302,0.000398879534598169,0.07646869226454797,415.8949087661427,c
8.880903140354985,0.0469154532169166,0.0,0.07103486299960637,0.0,c
16.735130001374067,0.0034324874840006097,4.664738431226856e-05,0.07199517873365388,96.34679791966326,no-c
5.674660179411987,0.010273614603552838,1.3031458951939052e-05,0.25680060428088247,163.4683173632878,c?
18.505880956443164,0.024157992114470676,-5.861087925764771e-05,0.07646869226454797,98.08219523472124,no-c
5.474024569192176,0.03152117483351819,6.058302847731107e-06,0.07646869226454797,120.9909758554059,c?
8.229489023612032,0.04973720992876675,0.0001399134549885412,0.13793953570188486,88.60906449134652,no-c
1.5006484958945687,0.0418914954636828,0.0,0.07646869226454797,0.0,c
7.864122836466444,0.01905211944152302,-4.2962956386091076e-05,0.07646869226454797,76.90840118316316,c
2.933556622194806,0.08976076856873048,0.0,0.07646869226454797,0.0,c
16.950982531473187,0.007272641512540908,0.0004073686936528528,0.06174827427109666,103.89481436158484,no-c
-0.9109052433124528,0.17848126513312756,5.4937621558760915e-05,0.07646869226454797,116.01510754108732,c
1.2033606062473925,0.01905211944152302,0.0,0.07646869226454797,0.0,c
14.155708166598224,0.008226940825388647,4.6241407157031106e-05,0.05468593476398138,107.1924819629383,no-c
10.081404979147347,0.024131778029338403,9.509651305753648e-05,0.11915621132230701,96.33206538443838,no-c
19.284030424150643,0.0061243670121916265,0.00014497392554327717,0.05191018932527873,103.66738950012484,no-c
2.2491985076445644,0.01905211944152302,-4.5878136533252826e-05,0.07646869226454797,84.02614251762418,c
7.637487330515292,0.08929465621228695,4.086035048524124e-05,0.07646869226454797,106.9593968667858,c?
5.541420397811327,0.1880025116155063,0.0,0.38621030561390707,0.0,c
3.148148424863696,0.06260007425516893,-7.636241586185056e-05,0.19062599073020234,145.0539569835214,c
7.287405050761511,0.06087144586491621,-5.2182755969592924e-05,0.08007501719337658,93.41419826245348,no-c
11.55628958225513,0.019209171644961873,7.018219159603072e-05,0.08971393951194645,105.1652399020051,no-c
10.771541863758033,0.01905211944152302,0.0,0.07646869226454797,0.0,c
11.70745517417554,0.02745962899910005,8.133084545075268e-05,0.06281975553487387,101.21660347374959,no-c
0.455177118250786,0.01905211944152302,0.0,0.07646869226454797,0.0,c
22.304238185426893,0.008938064014963235,0.000234680599775142,0.018684128260426744,142.5706870897536,no-c
20.207893494574748,0.008009875917582532,-0.0010973012170119388,0.08971113002721028,157.87559430555478,no-c
0.4450468388448844,0.01905211944152302,0.0,0.07646869226454797,0.0,c
15.051125055345494,0.025106905384488624,-6.521471607357502e-05,0.040809960900855154,112.04377041274564,no-c
17.07778145332282,0.025077192777683777,0.0002678990404533313,0.06131909532087699,132.765583422081,no-c
24.959003654815685,0.007241915987196631,-0.00012271645221477884,0.10449322866142546,97.31446746954329,no-c
18.547786026965596,0.017783377934200983,-0.0002619870187215138,0.09045534929115841,133.5993325808902,no-c
2.7087893487785415,0.008942830945120512,0.0,0.09760422277106814,0.0,c
2.3852361328931733,0.09695547823875068,0.00010608479220681619,0.12865563627503915,97.84367487481248,c?
1.2087092071192154,0.01905211944152302,4.740369460109323e-05,0.07646869226454797,84.8043133149062,c
0.6970706001613766,0.12405943255314081,0.0002791890670906029,0.36587886646862827,462.24603001447997,c
3.204408104437391,0.13475079267689877,-5.775663160849986e-05,0.14737963041038704,105.83258416646498,c
6.6253803107368245,0.028030829988016696,-9.10242663417745e-05,0.12850518432559194,102.17949449403295,no-c
20.018905965913326,0.008969842427143609,0.0001986398029615831,0.055675806734922235,116.88711826458812,no-c
9.996021924791865,0.039894238622776385,0.00012991936697229707,0.0630025413389244,109.97387600273841,no-c
9.618437041760767,0.01905211944152302,-0.0001943318569534225,0.10465312018804498,125.96613989484935,no-c
11.212337411095893,0.029277455568632593,-7.609482822903437e-05,0.17117977720714866,91.11671309680179,no-c
2.45547954399789,0.007804480560543966,-4.671965309360124e-05,0.07646869226454797,75.24641318729306,c
12.20817221043391,0.010542480815558228,3.462078749945889e-05,0.14261406269219168,112.34429364787513,no-c
3.328920077454688,0.01905211944152302,0.0,0.07646869226454797,0.0,c
-0.8446206859621902,0.01905211944152302,0.0,0.07646869226454797,0.0,c
13.124543060644742,0.010581414997135183,1.49702776531473e-05,0.12586225680089383,87.70379332127654,no-c
10.755418223010983,0.01556198675446142,0.0002005164336598954,0.08765065686376264,91.5046070290062,c?
3.5794062498753365,0.01905211944152302,1.0937760627158037e-05,0.07646869226454797,118.07738184994464,c
0.1444193179301817,0.01905211944152302,9.429403744391131e-06,0.07646869226454797,118.30962861244912,c
17.521699042032647,0.009290134982894115,2.40573585621051e-05,0.040879358810426494,113.75930642598018,no-c
8.761288757356448,0.01905211944152302,0.00017557464061442014,0.07646869226454797,525.643554186791,c
10.306359716609746,0.012042371972145707,-6.655494717646858e-05,0.02841571447525,90.46212857444222,no-c
14.566916287515884,0.01227297676844792,1.8560506557162087e-05,0.06328313159078604,108.91178290271398,no-c
22.698433776628818,0.01899396604652138,-0.00019696522437941436,0.07185236382974516,106.30692464841059,no-c
0.7404914671174077,0.01905211944152302,0.0,0.07646869226454797,101.08093885126729,c
17.188607375645436,0.009383893058171262,4.704061082481774e-05,0.008379550934959406,139.9685544429504,no-c
1.4454349114525684,0.01905211944152302,0.0,0.07646869226454797,0.0,c
18.379720251227216,0.00672481677753319,0.0004120777787088077,0.05636664983030146,107.06795078872392,no-c
7.484331972005445,0.03386887877890665,-2.882664586808842e-05,0.07646869226454797,101.83364585716669,no-c
18.683522356189307,0.005086562791875439,-1.353040185541254e-06,0.030865462580372073,90.24835279337796,no-c
0.8283387901188911,0.01905211944152302,0.0,0.07646869226454797,0.0,c
16.452369669478166,0.011855261275581988,-0.00017425082972433062,0.08831478580769789,113.92248487378339,no-c
11.855828587103039,0.01905211944152302,0.0,0.07646869226454797,101.08093885126729,no-c
12.697212540059294,0.03040747998604585,2.7028295573357632e-05,0.05098307026972071,102.38083286097893,no-c
11.04467275832742,0.01049863744948336,8.312709282743715e-05,0.11589893099542857,112.21568823251451,no-c
17.411041011466736,0.00889046582951751,-5.7506146119374495e-05,0.04009884589802106,102.95177077168692,c
7.060004957577511,0.013156887324945483,-0.00016661557193618933,0.05244658595640676,91.96307226591402,c?
-0.7131151966308996,0.01905211944152302,0.0,0.07646869226454797,0.0,c
5.383383387966651,0.01905211944152302,0.0,0.07646869226454797,101.08093885126729,c?
18.697604513159565,0.004063468440060765,-0.0001393663570801541,0.03225119011821369,98.8365003629034,no-c
-0.5036120685718638,0.01905211944152302,0.0,0.07646869226454797,101.08093885126729,c?
7.56761458513856,0.05062362782861652,-2.8147003690641773e-05,0.06038337560789148,108.6809462863329,c
0.04670603491482126,0.01905211944152302,0.0,0.07646869226454797,0.0,c
12.4405880116388,0.01807990255945682,0.00011106607362490868,0.07477308721862322,98.47475151902633,no-c
8.888894304693475,0.025125597889360023,-0.00027919922576175645,0.04199227606539987,158.69156450808939,no-c
0.527083005253503,0.07599742744450012,0.0,0.07646869226454797,0.0,c
17.052932431117714,0.010441348472174206,-0.0005455311767225588,0.042862814516109925,121.84120370757383,no-c
24.10570509499324,0.008056763075081923,-0.00026963569876722594,0.04214354715843271,124.19915255589852,no-c
14.273955615343182,0.01208128023171119,-7.992752662659496e-05,0.06986595981651829,130.88607067477102,no-c
10.220625142514958,0.016994305587363964,-8.009243940320255e-05,0.08977136626157878,99.99265918784991,no-c
22.563142998048527,0.003911470897034315,3.9713136193075295e-05,0.04168127477794226,93.14338865724181,no-c
0.26168012263147145,0.01905211944152302,0.0,0.07646869226454797,0.0,c
12.182728689788854,0.006893134055270881,-0.00016478061393320332,0.060133318939943885,96.61769069275073,no-c
14.422169956548467,0.013223009866929784,-8.735027706602568e-05,0.11493593478275756,100.72442220546094,no-c
0.6472141751864925,0.01905211944152302,0.0,0.07646869226454797,0.0,c
4.821689946195449,0.06427665835174338,0.0,0.1231426761792422,0.0,c
1.160845719188162,0.06442293363912494,0.0,0.2012174294071377,0.0,c
4.597926415411181,0.1489477119814412,-0.0001371719650492411,0.13708720682010994,88.66385213750536,c
2.815529419085293,0.01905211944152302,-9.113034886103926e-05,0.07646869226454797,90.10482406321728,c
14.827446567398487,0.014260549316649522,-6.423535015291014e-05,0.09179566107044308,106.02852206648451,no-c
-1.1908254579726136,0.01905211944152302,0.0,0.07646869226454797,0.0,c
4.793626489775465,0.08660990871698131,-4.4731449129269626e-05,0.07646869226454797,93.02110399319794,c?
21.509512648275965,0.005741926074079973,1.6999233810724597e-05,0.0223387326875184,96.79634846875025,no-c
22.116750011397897,0.005466433207438587,0.0004398167375624114,0.03495205654394555,123.22672380114356,no-c
-0.16194226630863082,0.01905211944152302,0.0,0.07646869226454797,0.0,c
-0.8296619394216533,0.01905211944152302,0.0,0.07646869226454797,0.0,c?
19.154497712265627,0.007997776265936082,-8.22940998002848e-05,0.07646869226454797,110.94313505787048,no-c
9.148384454585303,0.04278863199527984,-5.328448941619988e-05,0.07646869226454797,91.88359014602614,no-c
-0.2780723510064824,0.01905211944152302,0.0,0.07646869226454797,0.0,c
2.4708787426670478,0.0709353522281358,0.0,0.07983233625597018,0.0,c
3.7891410492221986,0.15739409422366796,2.8487869524974606e-06,0.05342676832649911,81.7836951552303,c
16.18338864473461,0.005023249708560512,-0.00030153009777615956,0.032565810062151715,127.42546398082212,no-c
10.594640878489141,0.024161634573053183,1.720461698367866e-05,0.128131667520724,95.09465119504104,no-c
7.677203855021624,0.06664035081594899,-6.642855620949594e-05,0.14481899570365073,98.93453090290467,no-c
11.953804779756858,0.02812685639983629,-7.91400323434404e-05,0.04806980685042327,95.67343472474789,c?
15.689319868134088,0.01905211944152302,0.0,0.07646869226454797,101.08093885126729,no-c
16.233284334373543,0.016390132929653328,-0.00019978512947549745,0.04330849367639086,118.01337757245926,no-c
31.73413474891395,0.0030729029802939426,-0.0006581877754059298,0.01526704697735356,119.29088134145681,no-c
4.702898729201465,0.07337780717311912,0.0,0.16480083807360385,0.0,no-c
10.516482257414573,0.016695003221498136,0.00019600008497361576,0.10078577709878024,86.83130401046778,no-c
4.110276449507728,0.02621831951043663,0.0,0.17759785480662105,0.0,c
2.59575559732604,0.10294562164900611,0.0,0.08735834859996311,0.0,c
3.080932705741474,0.05665527201559117,-2.29670824162558e-05,0.1377122028520152,78.02829333419848,c
-2.1129794712780674,0.01905211944152302,0.0,0.07646869226454797,0.0,c
0.13342314693157792,0.01905211944152302,2.01673851737086e-05,0.07646869226454797,102.948555571037,c
9.446666893799788,0.03457331869008552,-0.0002705287830823178,0.1398159519646817,91.1554013483302,c
2.9099973404645083,0.0644395812809056,0.0,0.2911137317366502,0.0,c
-2.2966257353422606,0.01905211944152302,0.0,0.07646869226454797,0.0,c
14.428316203194498,0.0016476783123354445,9.501730674014704e-06,0.07646869226454797,108.45607430238034,no-c
8.429584783712373,0.05616321063205054,0.0002073737998496596,0.07912680172597263,140.1542339101338,no-c
12.961798724564654,0.027125467619781938,-5.771394235596126e-05,0.055272493131327614,96.54699010347802,no-c
-2.2687729732659285,0.01905211944152302,0.0,0.07646869226454797,0.0,c
17.945330631025325,0.012493666862097243,-9.690508087343826e-05,0.03786701722598979,114.76085580339709,no-c
-2.969065630974139,0.01905211944152302,0.0,0.07646869226454797,101.08093885126729,c
2.860085408780859,0.06563594348675339,0.0,0.1520712275117285,0.0,c
8.913827647221517,0.02480632345738221,-1.8913486901748046e-05,0.1517544273983167,107.94612348552491,no-c
16.953794535529912,0.0064603845881012235,9.911754096705817e-05,0.058671878446797325,101.83986866055166,no-c
-3.40790018815203,0.01905211944152302,0.0,0.07646869226454797,0.0,c
22.417334980584993,0.015669349600017923,0.0008320080878189303,0.06488985772264141,118.53002049848322,no-c
10.471959562659123,0.011619800796280307,0.00021855642817607181,0.13418615189775604,88.52410493688986,no-c
5.872601465792854,0.12322216362567305,0.0001335609143485532,0.374700740751806,161.45853124299794,c
17.115699677788047,0.013642789636619978,3.803310161336446e-05,0.0660817976669859,160.9180357751211,no-c
-1.195742725849796,0.01905211944152302,0.0,0.07646869226454797,101.08093885126729,c
2.8519061012892677,0.0005119146296323014,0.00011741371382565158,0.07646869226454797,97.10808103521576,c?
12.676492014900232,0.016214636256325857,-5.214905697450005e-05,0.0796631003299063,116.82655346982925,no-c
20.199104488880604,0.008020441898478652,-6.627091763406888e-05,0.036538328702676946,97.56167633116051,no-c
6.39415841943575,0.01905211944152302,0.0,0.07646869226454797,0.0,c
4.282417026239499,0.024223362458779183,-0.00012547048078219496,0.1294159815757122,121.56325488217666,no-c
2.692425789155322,0.01905211944152302,5.630803058689795e-06,0.07646869226454797,356.20452048842634,c
19.241072252010536,0.017273885321620178,-0.0002912169760777407,0.04717424018749795,153.05570530304368,no-c
13.480997748460766,0.0033796801449159732,-7.866151456935717e-05,0.02577744774584501,92.95464453508619,no-c
11.597079557699645,0.008248026021753311,6.789774813020864e-06,0.124061592143054,89.81289913920713,no-c
19.698806806162356,0.014467796955829143,0.00021406574127431446,0.06501048129880535,88.30038600056115,no-c
-1.7510640152475974,0.01905211944152302,0.0,0.07646869226454797,0.0,c
-0.5973414476220568,0.01905211944152302,0.0,0.07646869226454797,0.0,c
16.421103027299704,0.01101029460716952,0.00010446343113022116,0.04900029024208424,99.25421782124246,no-c
15.32408614099886,0.009609667756992993,0.00020295072468761268,0.12310068235210747,122.73817088665461,no-c
15.691151276546439,0.01217601417005726,-3.2072581848390934e-05,0.06399895946966257,98.11922020761347,no-c
25.715389043569512,0.0035430109764614365,-0.0009064571417707434,0.03522378934740051,126.72754397555751,no-c
1.2429503146687728,0.01905211944152302,0.0,0.07646869226454797,0.0,c
17.157698163409854,0.012948277583838038,1.865347215837781e-05,0.03537190896046337,96.1620056104175,no-c
23.974946438190265,0.009004778516682504,8.15985498418931e-05,0.033058154495346964,90.2290389097237,no-c
17.256761095057463,0.015223709646037841,-8.54147401530387e-05,0.033568329748379505,106.41528038752206,no-c
1.4866862856478464,0.01905211944152302,0.0,0.07646869226454797,0.0,c
0.4231134794599505,0.10187724583218845,0.0,0.15845334066401007,0.0,c
5.699667141440147,0.04307853389603824,-0.00010860813856146921,0.09287608126608532,123.55988344441536,c
24.17844976237806,0.002991501783107954,-0.0001691712411495377,0.0071599001379577115,125.25639277925225,no-c
0.3840173782874229,0.01905211944152302,4.018951457129338e-05,0.07646869226454797,82.5362308098947,c
3.182511225107232,0.01905211944152302,0.0,0.07646869226454797,0.0,c
5.951872155816747,0.01905211944152302,0.0,0.07646869226454797,101.08093885126729,c
0.4325692305753094,0.01905211944152302,0.0,0.07646869226454797,0.0,c
18.093574537652096,0.019495395261410104,0.0001812394961567083,0.053369499739881004,117.86885443190113,no-c
-3.8623762303776266,0.01905211944152302,0.0,0.07646869226454797,101.08093885126729,c
14.544692223057806,0.01765858244098611,-5.950459337053732e-05,0.057744798591121055,117.05639843885649,no-c
1.938300707728088,0.01905211944152302,0.0,0.07646869226454797,0.0,c
23.048884836288753,0.00855002519556178,-5.055692897981538e-05,0.00558832628997761,108.78713772324103,no-c
-1.9232905531451752,0.01905211944152302,0.0,0.07646869226454797,0.0,c
0.6756290287242157,0.01905211944152302,0.0,0.07646869226454797,101.08093885126729,c
2.0766200310291305,0.01905211944152302,-2.315024655528201e-05,0.07646869226454797,89.98423351044516,c
9.939898864417206,0.023022300405185474,1.7322856675051e-05,0.10847895521087557,110.39900635587347,no-c
5.852455601445187,0.11630415733557324,3.4270127101083505e-05,0.11844943600056426,81.31786074765716,c?
22.318562761560127,0.0033906190371745847,1.8519185733565697e-05,0.18278996260469754,99.39466118891241,no-c
12.649498534888881,0.04094238110573328,-0.00015576467521320433,0.07132780238947828,111.39308204394968,no-c
13.09330275113275,0.011190781862103564,-5.583172466126906e-05,0.12765739127875725,114.2546601560537,no-c
1.6099857054079798,0.09250133472453753,0.0,0.2794030002090378,0.0,c
3.7660717460888704,0.02956334076344925,-1.6509070089353064e-05,0.14064754304743224,424.48697679590305,c
23.69930341907793,0.010148233646513202,9.588168230426346e-05,0.02160431471797297,118.19656278160925,no-c
2.6740882554233574,0.01905211944152302,0.0,0.07646869226454797,101.08093885126729,no-c
1.864495820970716,0.01905211944152302,0.0,0.07646869226454797,0.0,c
12.592937662701292,0.031907875851022734,2.8395325875544013e-05,0.11193221391007317,97.47274661025975,no-c
24.53875016803924,0.005801165263315845,-0.0007096063692603847,0.07577717444587682,170.62387277561538,no-c
8.525599924071217,0.08228035890689801,-2.0544542938807247e-05,0.07646869226454797,95.9328261636444,no-c
-1.19977762115152,0.01905211944152302,0.0,0.07646869226454797,0.0,c
15.862517604014823,0.0070140289131428064,-8.626006121052846e-05,0.08189299797234863,106.69459564542889,no-c
2.5442840483961775,0.04516436905250623,-2.0043045977821693e-05,0.266247497658506,147.50322770005207,c
-2.355175665617017,0.01905211944152302,0.0,0.07646869226454797,0.0,c
10.511235428063054,0.025619524074390776,-9.250723481744015e-05,0.12809678900127672,119.42659722982238,no-c
11.836453048015983,0.010038738828959072,7.248163687682504e-05,0.18645615034376892,102.23152899333928,no-c
-0.9654603212607116,0.01905211944152302,0.0,0.07646869226454797,0.0,c
-1.0323497450415664,0.01905211944152302,0.0,0.07646869226454797,101.08093885126729,c?
18.177472721465836,0.01726582481175963,-0.00012363621447794028,0.05314542370613367,90.49812195199887,no-c
19.497289630546558,0.010487560078945237,-1.8274353597272862e-05,0.07555048960726629,106.3935339106365,no-c
0.2692029201367997,0.01905211944152302,0.0,0.07646869226454797,0.0,c
3.211299115727035,0.01905211944152302,0.0,0.07646869226454797,0.0,c
3.9665755277257158,0.08906572386128135,5.4803569048973006e-06,0.11131196526740934,102.17018244769154,c
4.651036881690167,0.023796891242975633,9.428445462994765e-05,0.18185313029290248,102.61184028910321,c
1.847950374121301,0.01905211944152302,2.3671276418061574e-05,0.07646869226454797,84.20773998936895,c?
-3.884862643974414,0.01905211944152302,0.0,0.07646869226454797,101.08093885126729,c
10.60363259298428,0.006706966179119737,-0.00011122979191960684,0.022680793900731386,119.28411600765209,no-c
4.914649858063131,0.11807285133507678,7.847278211981033e-05,0.26331922222882853,119.20069438925435,c
3.1226562801429334,0.11678688344050595,0.00014194858136404347,0.2650045110601021,532.5339029418033,c
23.80291312009616,0.011614160329627534,-0.00029211087131447364,0.03457891391563727,112.40845966338162,no-c
15.703878634659118,0.00790763920326158,-0.00022835710472869257,0.03208087372179138,121.05321522096568,no-c
0.13593875870063166,0.01905211944152302,0.0,0.07646869226454797,0.0,c
22.73805831379769,0.005954154688981866,4.738715855445312e-05,0.016165610166241406,89.82343199777169,no-c
18.68166522675033,0.01113742625546291,-1.3020712920617432e-05,0.07646869226454797,96.15518603424772,no-c
-1.425313464631149,0.01905211944152302,0.0,0.07646869226454797,0.0,c
10.967590615090879,0.03507349350857155,4.332374622312293e-05,0.2540005232100709,104.21086515594067,no-c
13.18990398207052,0.02404977425974837,0.00012999962851115648,0.22042674531684717,113.52712994312455,no-c
1.4227576808756899,0.030863263258722094,5.735819012832167e-05,0.07646869226454797,92.34402826638652,c
1.697592004197694,0.01905211944152302,0.0,0.07646869226454797,0.0,c
1.9335431182792424,0.0934931531781426,0.0,0.16720077686009846,0.0,c
17.07950152121867,0.015883865407246137,-3.217554017010928e-05,0.07646869226454797,101.1037855655857,c?
13.451647604609322,0.020113865360041772,-7.095190455423488e-05,0.09379235465481961,134.3775763510322,no-c
11.97932975234811,0.011113997390767981,-0.00015444606441030161,0.1108284637162696,140.06178359457064,no-c
12.680364049153654,0.00901300094756964,9.813407636882711e-05,0.11301065372682965,118.23155798710567,no-c
20.94929299248794,0.026370572563376556,-2.5119040448413758e-05,0.04183396511580916,104.12885008653187,no-c
-0.3137041069207692,0.01905211944152302,0.0,0.07646869226454797,0.0,c
19.775310808811156,0.012496019440731318,0.00012001386799305875,0.04490595741735936,113.23963238662347,no-c
8.009570792747766,0.05996768736721601,3.034185958005793e-05,0.23659444010714037,106.28648566735522,no-c
20.360262031269038,0.02204374989448767,0.0003464338462155097,0.04217451515536011,118.23248780300783,no-c
12.991203345774604,0.04583653370917121,3.127891783137864e-05,0.11795132550235715,122.318011079644,no-c
20.286063988934515,0.009408426299867047,-5.1573856068542296e-05,0.021568822670891052,113.46391667719047,no-c
16.088527818004426,0.006315144519981003,0.00011378995038231635,0.023006251775384724,120.30926977912492,no-c
7.7437584782977185,0.01905211944152302,0.0,0.07646869226454797,101.08093885126729,c
0.43853707308827367,0.01905211944152302,0.0,0.07646869226454797,0.0,c
2.2119652319629135,0.126897678874427,0.00011199204457544888,0.07646869226454797,129.572071475665,c
2.6869103563209813,0.11990060841105205,7.18430731546402e-05,0.07646869226454797,142.37270221237603,c
18.413449362604375,0.015764971570958176,-5.370885623702873e-05,0.017714003452508727,114.46399671546976,no-c
-4.240182502117608,0.01905211944152302,0.0,0.07646869226454797,101.08093885126729,c
17.262512123263324,0.011029232289952744,0.0002484162897207004,0.04728394357086501,105.9684068491878,no-c
3.3723279967707724,0.2235600453268155,2.090279072499317e-05,0.07646869226454797,497.8322052988758,c
12.837112645331544,0.0031721090998655223,-0.00021691094171598767,0.06421596105199902,115.0117027182338,no-c
-0.09904000553985715,0.01905211944152302,0.0,0.07646869226454797,0.0,c
27.12231094912148,0.005053691859767859,0.0003022781373230116,0.020908469797768826,102.10255148645996,no-c
1.9275928843422687,0.07275421303338553,-5.6889274262771745e-05,0.33781168666732625,140.46317286597608,c?
6.135386773377493,0.020643166852691068,-2.1026004873136615e-05,0.04562125562576588,101.27307707907593,no-c
16.729301904796994,0.005955613479390848,3.148736499389315e-05,0.08523933290167718,115.83365662523481,no-c
0.25973559401954327,0.01905211944152302,0.0,0.07646869226454797,0.0,c
2.691467632402137,0.16924879464340237,3.14874151143871e-05,0.07646869226454797,91.95303873966128,c?
18.755755141034154,0.024203345260812748,-3.1786686412309815e-06,0.24430819220413805,116.85926666713158,no-c
21.68287802076847,0.0038644568627427445,-0.00042409537878396837,0.017154908684039818,151.63000709104435,no-c
20.138499783668433,0.013908351786814396,-0.00014213496817247018,0.07018420587400655,104.13774705709764,no-c
-0.7031265464350954,0.01905211944152302,-5.976668216140194e-05,0.07646869226454797,101.44633592911163,c
8.2694970551526,0.0045354822994244405,2.2896196723126618e-05,0.07646869226454797,88.6156058940433,c
13.637030985142562,0.009064131245796598,4.861740167636804e-05,0.09153934292401089,132.80444818759747,no-c
-0.6733349245848663,0.01905211944152302,0.0,0.07646869226454797,101.08093885126729,c
2.0781573884634303,0.02748853931815804,-2.0602998386550286e-05,0.07646869226454797,76.16125273172675,c
14.253977897032655,0.02235074911807672,-4.564129414633589e-05,0.07626774199459695,99.65949330182265,no-c
16.16465316911536,0.008549031957182552,-0.0009675876801252064,0.03958327631539329,158.6320927124362,no-c
18.65969426207157,0.0038012324778391336,-4.134680757306156e-05,0.09640273673622973,104.89495829556724,no-c
8.184480881922763,0.0737360412770174,8.21996512099412e-06,0.2821499737547459,94.29673205655301,c?
-1.84973988540699,0.01905211944152302,0.0,0.07646869226454797,0.0,c
20.452438420389328,0.011873262714304042,-0.000260255344470071,0.07646869226454797,114.12832331295917,no-c
3.0736706724083085,0.20899233890486163,0.0,0.07646869226454797,0.0,c
2.7338951754182252,0.01905211944152302,0.0,0.07646869226454797,0.0,c
5.66278606894101,0.01905211944152302,0.0,0.07646869226454797,0.0,c
9.292312384084045,0.041976332849597744,2.0539784755604413e-05,0.11158600628473389,96.57407510451272,no-c
13.454826235175972,0.023846970027086408,0.00031472353993627607,0.06381172632700563,123.31752510537719,no-c
5.640488150641318,0.014430021450243113,4.5995709104182907e-05,0.3562434904816815,117.6430076063365,c
4.85927611194534,0.06763391639701499,0.00012251192066295284,0.2560289889176041,413.166076110289,c
4.572610982159274,0.025492175906547305,0.00017072275172355338,0.2904463094488509,438.61153588058806,c
21.904596689459883,0.006976446506400955,-8.033331914419103e-05,0.034981061654998015,100.34396990085057,no-c
16.910609143061254,0.019751868068297637,-7.008580112836835e-05,0.05931220985490701,100.65561195124062,no-c
14.376485352973424,0.02781348747518938,4.557167557896723e-05,0.020642825175222666,84.64726316083589,c?
19.59880664153632,0.002833779152403436,-7.188629746687644e-05,0.027089800954424374,101.55005043572443,no-c
14.724657156291654,0.01905211944152302,0.0,0.07646869226454797,101.08093885126729,no-c
0.29010657594410305,0.01905211944152302,0.0,0.07646869226454797,0.0,c
13.527917484394223,0.025493603538899942,-0.0006480524780924631,0.07264661040280128,137.47086470807983,c?
3.2522326987344714,0.1856574225730989,4.1467861960127326e-05,0.5295258264326649,102.21999847744019,c
13.307771502297536,0.008091653885509193,-7.843701274006152e-05,0.11714860052015931,109.15769960009611,no-c
13.784293045072495,0.009359846565512139,0.00013957074128567086,0.07493622542699975,126.28801872795779,no-c
2.7498704754996997,0.01905211944152302,0.00020088515955241835,0.07646869226454797,534.1128378602341,c
7.7437584782977185,0.01905211944152302,0.0,0.07646869226454797,101.08093885126729,no-c
9.23703899649926,0.018594259953675422,0.00015648263939640146,0.10701777680866321,110.05829183338027,no-c
12.006301768998142,0.01930415452837051,-9.9760805063517e-05,0.05731439187818554,137.1174319152422,no-c
21.057824816705196,0.008175646726518273,0.00010290422348614123,0.036591645760522956,94.4543228069909,no-c
22.229657116052504,0.007196589529585563,-6.571344178287072e-05,0.025675214473758656,115.06757818621087,no-c
13.266162694245784,0.017704622685758894,-6.221562766261317e-05,0.15035199994888962,105.21094614798498,no-c
22.630669059850174,0.007522130965135352,-4.7190744137252916e-05,0.032173138258802886,107.33250210307617,no-c
0.1454835271045348,0.01905211944152302,0.0,0.07646869226454797,0.0,c
7.1413423101516,0.04293991821936648,4.036902715932422e-05,0.0938192915858509,120.51578495603961,c?
8.871333750768525,0.01905211944152302,0.0,0.07646869226454797,101.08093885126729,c
14.771189247458782,0.014538127712771307,0.00015314172885934194,0.0624961287300308,101.43940089058667,no-c
14.431109760728951,0.014253039785896043,-0.00031173294840005684,0.06768587879824736,135.67535118823932,no-c
17.250322478238438,0.0048619130790421876,1.2181134278284778e-05,0.09202454151102744,112.87174454918446,no-c
-2.3474228875179093,0.01905211944152302,0.0,0.07646869226454797,101.08093885126729,c
10.887400247000452,0.015727088005814554,-4.203485027222918e-05,0.03975779954080473,91.05177717135354,no-c
-1.9647763073665578,0.01905211944152302,0.0,0.07646869226454797,0.0,c
-1.825279711182635,0.01905211944152302,0.0,0.07646869226454797,0.0,c
9.018312424626588,0.023521821618099376,4.6291412084652e-05,0.02275161934189941,122.79640021931733,no-c
6.643520772790096,0.11558466356649463,3.774720689365217e-05,0.1798538736011292,92.17158522113911,c
11.454835868604773,0.026282769647426908,6.687802335466581e-05,0.07646869226454797,118.02771785294911,no-c
24.594760240546552,0.0026883389989049494,-0.001290922757251863,0.014041593540051325,147.10982111711078,no-c
2.2454402348331626,0.07941521214506662,4.3780406107949966e-05,0.07646869226454797,116.45318822092972,c?
4.881494585097988,0.11953947055285866,0.00012193193443425072,0.052035116565241284,86.07505308488513,c
17.878218975054704,0.0005755257451314239,-2.761173298620269e-05,0.07646869226454797,87.83480113526774,no-c
1.3467903074840648,0.014576609301186667,2.92814054530267e-05,0.07646869226454797,198.56641456229775,c?
3.7442099371295177,0.01905211944152302,-1.6543217235220596e-05,0.07646869226454797,83.04160585418514,c
21.325274175675318,0.023857572368693097,0.00021015016661078922,0.02659990228871757,100.27938305655606,no-c
11.633761494057334,0.01210836917967945,-0.00010471058041706732,0.09093408011196062,107.45611789750964,no-c
27.7363190241069,0.010965760438795104,0.0009151346426067375,0.03510661641515568,195.48792957786375,no-c
13.974068449772934,0.010494332629776537,-6.69981465366137e-05,0.14433900521931203,99.20308856383403,c?
8.392148683422135,0.01905211944152302,0.0,0.07646869226454797,101.08093885126729,c
-1.1370378460170654,0.01905211944152302,0.0,0.07646869226454797,101.08093885126729,c
20.180906503655038,0.0037354043398492884,-3.70638539738727e-05,0.1493653678401952,105.35113209663025,no-c
15.19052497161855,0.01817933828110025,9.741435552341549e-06,0.1669671670694545,91.68480766772235,no-c
-0.07948170400469012,0.01905211944152302,0.0,0.07646869226454797,0.0,c
19.139965762151537,0.004864536459257197,6.995963358725674e-05,0.048647440197714456,122.64362594207302,no-c
15.586457893277665,0.031435494777138674,-0.0005871191592938167,0.039917397657820895,152.4892160131333,no-c
4.203937833211296,0.12881201829385308,5.384883526259515e-05,0.175849939749649,93.90059230613821,c
2.776528254147185,0.10553419071584293,6.772915041825531e-05,0.31806333901503736,96.32400056505273,c
9.084269794849865,0.0182425464017067,-3.331580452256837e-05,0.09416315124073493,127.19510920270528,no-c
1.5020215879378818,0.01905211944152302,0.0,0.07646869226454797,0.0,c
17.201973493771323,0.007473905551081018,-0.0002274611202521169,0.08028984132719685,125.10418066421617,no-c
18.81936440073348,0.001857639066702087,-9.012252021003324e-07,0.22658829322867896,99.97411657658458,no-c
20.194270633292437,0.01974310869876257,0.00043506666548869373,0.08593554456591741,122.23639526828374,no-c
11.105624711057047,0.007344290678852851,-5.450541872991044e-05,0.14755384665533602,116.38397766620805,no-c
16.147845570614585,0.0090203009472223,-0.00012672918963182374,0.12145093658852749,111.56749008360477,no-c
-1.386745013261209,0.01905211944152302,0.0,0.07646869226454797,0.0,c
1.773530446324457,0.09044674244673329,0.0001186967018439694,0.18110562267653973,89.37172580271583,c
7.7437584782977185,0.11704188988127144,0.00010025517069017855,0.045989317874328355,93.95150013647422,c?
1.0033665350693544,0.01905211944152302,0.0,0.07646869226454797,0.0,c
-0.2694778494977852,0.01905211944152302,8.70901158722174e-05,0.07646869226454797,564.248429916912,c
23.04862494440003,0.012314601682128118,2.1085228780585736e-05,0.06121904120338479,113.35316925682147,no-c
18.529352853612153,0.00897501539234444,-4.4341541412152945e-05,0.013133483363574982,94.74500748215695,no-c
22.31144803639836,0.0032905172174605138,-0.0009559626608506621,0.02808843357241756,145.51185276499416,no-c
7.76682956050803,0.038069882417918546,-0.00011166242848222247,0.07646869226454797,75.69584360930206,c
6.995947058788982,0.060005037181075846,-1.1367361371856936e-05,0.18665722342437543,599.5601816326141,c
23.843196396346862,0.006379161600897725,-0.000378839519680307,0.061546210377920414,159.45198245927656,no-c
-4.3237621106906055,0.01905211944152302,0.0,0.07646869226454797,0.0,c?
0.22686116090162445,0.01905211944152302,0.0,0.07646869226454797,0.0,c
